https://github.com/wordpress-mobile/WordPress-Android.git, 4.13.2
https://github.com/commons-app/apps-android-commons.git, junit:junit:4.13.2
https://github.com/fossasia/open-event-organizer-android.git, junit:junit:4.13.2
https://github.com/steve-goldman/volksempfaenger.git, junit:junit:4.12
https://github.com/VREMSoftwareDevelopment/WifiAnalyzer.git, junit:junit:4.13.2
https://github.com/Doctoror/ParticleConstellationsLiveWallpaper.git, NOT FOUND
https://github.com/AnySoftKeyboard/AnySoftKeyboard.git, NOT FOUND
https://github.com/onaio/steps-app.git, NOT FOUND
https://github.com/jbmlaird/DiscogsBrowser.git, junit:junit:4.12
https://github.com/westnordost/StreetComplete.git, NOT FOUND
https://github.com/OpenSRP/opensrp-client-chw.git, NOT FOUND
https://github.com/hidroh/materialistic.git, NOT FOUND
https://github.com/nextcloud/android.git, junit:junit:4.13.2
https://github.com/shannah/cn1-android-importer.git, NOT FOUND
https://github.com/Pozzoooo/travelWeather.git, NOT FOUND
https://github.com/openMF/mifos-mobile.git, 4.13.2
https://github.com/CypherpunkArmory/UserLAnd.git, junit:junit:4.12
https://github.com/translation-cards/translation-cards.git, junit:junit:4.12
https://github.com/jberkel/sms-backup-plus.git, junit:junit:4.12
https://github.com/HCMUSAssignmentWarehouse/FastFoodFinder.git, NOT FOUND
https://github.com/netguru/atstats-android.git, NOT FOUND
https://github.com/klassm/andFHEM.git, NOT FOUND
https://github.com/progressifff/NiceFileManager.git, junit:junit:4.12
https://github.com/openwebnet/openwebnet-android.git, junit:junit:4.12
https://github.com/Arkadeep-sophoIITG/ContribHelper.git, NOT FOUND
https://github.com/steve1rm/busbymovies.git, NOT FOUND
https://github.com/ankidroid/Anki-Android.git, NOT FOUND
https://github.com/kosbrother/doctor_android.git, junit:junit:4.12
https://github.com/juankysoriano/Zen.git, NOT FOUND
https://github.com/fabienli/DokuwikiAndroid.git, junit:junit:4.13.2
https://github.com/tanrabad/survey.git, 4.12
https://github.com/mozilla/MozStumbler.git, NOT FOUND
https://github.com/BioID-GmbH/BWS-Android.git, junit:junit:4.13.2
https://github.com/DroidsOnRoids/Toast-App.git, junit:junit:4.12
https://github.com/Q115/Goalie_Android.git, junit:junit:4.13.2
https://github.com/OpenStack-mobile/summit-app-android.git, junit:junit:4.12
https://github.com/vilnius/tvarkau-vilniu.git, NOT FOUND
https://github.com/jcs0062/go-bees-2.git, junit:junit:4.12
junit:junit:4.12
https://github.com/SundeepK/offline-ether.git, junit:junit:4.12
junit:junit:4.12
https://github.com/fo2rist/McLaren.git, junit:junit:4.13
https://github.com/TeMoMuKo/AutoStopRace-Android.git, junit:junit:4.12"
https://github.com/DenisHDG/cpl-mobile.git, junit:junit:4.12
https://github.com/open-keychain/open-keychain.git, NOT FOUND
https://github.com/ushahidi/SMSSync.git, NOT FOUND
https://github.com/chikecodes/Debt-Manager.git, 4.12
https://github.com/akihito104/UdonRoad.git, junit:junit:4.12
junit:junit:4.12
https://github.com/tasomaniac/OpenLinkWith.git, NOT FOUND
https://github.com/vadret/android.git, junit:junit:${JUNIT_VERSION}"
https://github.com/shibafu528/Yukari.git, NOT FOUND
https://github.com/jonatantierno/trellotimer.git, junit:junit:4.12
https://github.com/AndBible/and-bible.git, NOT FOUND
https://github.com/anthonycr/Lightning-Browser.git, NOT FOUND
https://github.com/ZeusWPI/hydra-android.git, junit:junit:4.13.2
https://github.com/gsi85/TabataRhythmTimer.git, junit:junit:4.8.2
https://github.com/maklakovss/Instamat.git, NOT FOUND
https://github.com/kamgurgul/cpu-info.git, NOT FOUND
https://github.com/Sneyder2328/CryptoTracker.git, NOT FOUND
https://github.com/openfoodfacts/openfoodfacts-androidapp.git, NOT FOUND
https://github.com/bensechrist/bt4vt.git, NOT FOUND
https://github.com/maksymilianrozanski/androidAirQuality.git, junit:junit:4.12
junit:junit:4.12
https://github.com/meugen/pdfcomposer.git, junit:junit:4.12"
https://github.com/netguru/CarLens-Android.git, NOT FOUND
https://github.com/okelah/Money-Tracker.git, junit:junit:4.12
https://github.com/WrenSecurity/forgerock-authenticator-android.git, NOT FOUND
https://github.com/opacapp/opacclient.git, NOT FOUND
https://github.com/jameskbride/grocery-reminder.git, junit:junit:4.12
https://github.com/gabrielaradu/readingcards.git, NOT FOUND
https://github.com/Nilhcem/bblfr-android.git, NOT FOUND
https://github.com/mtotschnig/MyExpenses.git, 4.13.2
https://github.com/shahzadah/RedMart.git, junit:junit:4.12
https://github.com/mainthread-technology/grand-maps-for-muzei.git, NOT FOUND
https://github.com/kinecosystem/kinit-android.git, junit:junit:4.12
https://github.com/mezpahlan/oldtimerag.git, junit:junit:4.12
https://github.com/ihsanab31/Football_App.git, junit:junit:4.12
https://github.com/hmalik144/EasyCC_Master.git, junit:junit:4.13.2
https://github.com/ajsf/Instrutune.git, junit:junit:$junit4_version"
https://github.com/freeotp/freeotp-android.git, NOT FOUND
https://github.com/Suwie/improvebcs.git, NOT FOUND
https://github.com/feelfreelinux/WykopMobilny.git, junit:junit:4.12
https://github.com/avinriyan/FootballApp.git, junit:junit:4.12
https://github.com/andrewtio/FootballClub5.git, junit:junit:4.12
https://github.com/blocoio/cardcase.git, junit:junit:4.12
junit:junit:4.12
https://github.com/r-phyan-kwee-tech/ramdhan-android.git, NOT FOUND
https://github.com/chrathish-pk/FolletAndroid.git, junit:junit:${junit_lib}"
junit:junit:4.12
https://github.com/aisoftwareinc/FlexConnectAndroid.git, junit:junit:4.12
https://github.com/jplipata/fork-authority.git, junit:junit:4.12
https://github.com/anilsarma/NJTSchedule.git, junit:junit:4.12
https://github.com/mwsmith3/SotonSightings.git, NOT FOUND
https://github.com/mapzen/eraser-map.git, junit:junit:4.12
https://github.com/75py/Aplin.git, NOT FOUND
https://github.com/lambdasoup/watchlater.git, junit:junit:4.13.2
https://github.com/tuskyapp/Tusky.git, NOT FOUND
https://github.com/indr/335.git, junit:junit:4.12
https://github.com/eduardorabanal/donape_android.git, junit:junit:4.12"
https://github.com/rifqimfahmi/android-mvvm-coroutine.git, junit:junit:4.12
https://github.com/mozilla-tw/FirefoxLite.git, NOT FOUND
https://github.com/ligi/PassAndroid.git, NOT FOUND
https://github.com/devmil/PaperLaunch.git, junit:junit:4.13.2
https://github.com/RUGSoftEng/2017-Winter-Summer-School-Android.git, junit:junit:4.12
https://github.com/ofalvai/BPInfo.git, junit:junit:4.13.1
https://github.com/helloworld1/AnyMemo.git, NOT FOUND
https://github.com/Piwigo/Piwigo-Android.git, junit:junit:4.13
https://github.com/sathishmscict/Villains-and-Heroes.git, 4.12
https://github.com/srsudar/GithubHotness.git, junit:junit:4.12
https://github.com/Briseus/Lurker.git, 4.12
https://github.com/fedepaol/BikeSharing.git, junit:junit:4.12
junit:junit:4.12
junit:junit:4.12
https://github.com/EventFahrplan/EventFahrplan.git, NOT FOUND
https://github.com/chiuki/friendspell.git, junit:junit:4.12
https://github.com/shakurocom/SkyLocker.git, junit:junit:4.12"
https://github.com/Dissem/Abit.git, junit:junit:4.12
https://github.com/spacedentist-tv/spacedentist-tv-android.git, junit:junit:4.12
https://github.com/hidroh/calendar.git, junit:junit:4.12
https://github.com/IamTechknow/Terraview.git, junit:junit:4.12
junit:junit:4.12
https://github.com/SamAmco/track-and-graph.git, junit:junit:4.13.1
https://github.com/Teester/Whats-Nearby.git, junit:junit:4.12
https://github.com/oldergod/red.git, NOT FOUND
https://github.com/agotakiss/MoviesAndroidApp.git, junit:junit:${jUnitVersion}",
https://github.com/guilatrova/unisanta-app.git, NOT FOUND
https://github.com/Grintsys/GRINTSYS.M2.git, NOT FOUND
https://github.com/elpassion/el-teamcity.git, NOT FOUND
https://github.com/thoughtbot/tropos-android.git, junit:junit:4.12
https://github.com/Nydrani/NyaaNyaaMusicPlayer.git, junit:junit:4.12"
https://github.com/ajitsing/ExpenseManager.git, junit:junit:4.12
junit:junit:4.12
https://github.com/beautifuldonkey/SurvivorsGuide.git, junit:junit:4.12
https://github.com/robsoncunha/mobdesc-android.git, NOT FOUND
https://github.com/k9mail/k-9.git, NOT FOUND
https://github.com/ataboo/FlangeAssistGradle.git, junit:junit:4.12
https://github.com/hatak30/Benefit_mvvm.git, junit:junit:4.12
junit:junit:4.12
https://github.com/contentful/the-example-app.kotlin.git, junit:junit:4.12
https://github.com/stedi-akk/LSPortfolio.git, junit:junit:4.12
https://github.com/guavabot/marsh-permissions.git, junit:junit:4.12
https://github.com/esoxjem/MovieGuide.git, junit:junit:4.12
https://github.com/maniekq/TakeMe.git, NOT FOUND
https://github.com/RockLobstre/Parrot.git, NOT FOUND
https://github.com/joan-domingo/Podcasts-RAC1-Android.git, junit:junit:$jUnit"
https://github.com/crust87/Android-Bouldering.git, NOT FOUND
https://github.com/RailwayStations/RSAndroidApp.git, NOT FOUND
https://github.com/TayfunCesur/Moviepedia.git, junit:junit:4.12
https://github.com/aleksanderwozniak/WhatsThatFlag.git, junit:junit:4.12
https://github.com/rolandoasmat/Movie-Night.git, NOT FOUND
https://github.com/anitaa1990/TrailersApp.git, junit:junit:4.12
https://github.com/reggieray/Random-Quiz.git, junit:junit:4.12
https://github.com/liamo7/Skint.git, NOT FOUND
https://github.com/hidroh/tldroid.git, junit:junit:4.12
https://github.com/jacobklewis/daily-expense-tracker.git, junit:junit:4.12
https://github.com/halevibarak/SAFE-DNS.git, NOT FOUND
https://github.com/CriticalMaps/criticalmaps-android.git, junit:junit:4.13.2
https://github.com/EtchDroid/EtchDroid.git, NOT FOUND
https://github.com/tasks/tasks.git, NOT FOUND
https://github.com/Yubico/yubioath-android.git, junit:junit:4.12
https://github.com/DarkMinstrel/WeatherRadar.git, NOT FOUND
https://github.com/leavjenn/Hews.git, junit:junit:$JUNIT_VERSION"
https://github.com/lifedemons/photoviewer.git, junit:junit:4.12
https://github.com/murdly/tagop.git, junit:junit:$junitVersion"
https://github.com/KlubJagiellonski/pola-android.git, junit:junit:4.13.2
https://github.com/mrkostua/SmartAlarm.git, junit:junit:4.12"
https://github.com/jimmod/ShareToComputer.git, junit:junit:4.12
https://github.com/yuriykulikov/AlarmClock.git, NOT FOUND
https://github.com/santoslucas/guarda-filme-android.git, NOT FOUND
https://github.com/jinguoliang/simple_diary.git, junit:junit:4.13.2
https://github.com/kgvinay/WeatherProject.git, NOT FOUND
https://github.com/dagi12/reval-android.git, junit:junit:4.12
https://github.com/MrSpock99/InsultGenerator.git, junit:junit:4.12
https://github.com/Woochang4862/Soon.git, junit:junit:4.13.1
https://github.com/digital-voting-pass/polling-station-app.git, junit:junit:4.12
https://github.com/mirokolodii/Dou.ua-Jobs-Events.git, junit:junit:4.13-beta-2
https://github.com/jmalenko/alarm-morning.git, junit:junit:4.12
https://github.com/fromero98/SoniDAWN.git, NOT FOUND
https://github.com/emerssso/livetweet.git, junit:junit:4.12
https://github.com/true-that/android.git, 4.12
https://github.com/citiususc/calendula.git, NOT FOUND
https://github.com/veniosg/Dir.git, junit:junit:4.12
https://github.com/mozilla-mobile/focus-android.git, NOT FOUND
https://github.com/wikimedia/apps-android-wikipedia.git, junit:junit:4.13.2
https://github.com/BarryBryant/fodmaper-android.git, junit:junit:4.12
https://github.com/Graystripe17/cadadia.git, junit:junit:4.12
https://github.com/dobrowol/stylowePlywanie.git, junit:junit:4.12
junit:junit:4.12
https://github.com/NutriCoach/nc-android.git, NOT FOUND
https://github.com/huang840801/Foodie.git, junit:junit:4.12
https://github.com/bernardo-macedo/HireMeMusic.git, NOT FOUND
https://github.com/annoyinglemon/hackerNewsAndroidAPP.git, junit:junit:4.12
https://github.com/UniversityofWarwick/mywarwick-android.git, junit:junit:4.12
https://github.com/murdly/codewars-client.git, junit:junit:$versions.jUnit"
https://github.com/caramelool/banco-neon.git, junit:junit:4.12
https://github.com/HossamOnsy/Movielicious.git, junit:junit:4.12
https://github.com/GroopyMusic/GroopyApp.git, junit:junit:4.12
https://github.com/ajh3/NoSurfForReddit.git, junit:junit:4.13
https://github.com/walleth/walleth.git, junit:junit:4.13.2
https://github.com/TachibanaGeneralLaboratories/download-navi.git, junit:junit:4.13.2
https://github.com/proninyaroslav/libretorrent.git, junit:junit:4.13.2
https://github.com/TeamAmaze/AmazeFileManager.git, 4.13.2
https://github.com/jd-alexander/Mntr.git, junit:junit:4.12
https://github.com/KevinJ1008/Fitnessch.git, junit:junit:4.12
https://github.com/rubysun137/Split-It.git, junit:junit:4.12
https://github.com/ajdf24/AlarmSMSApp.git, junit:junit:4.12
junit:junit:4.12
https://github.com/glpi-project/android-inventory-agent.git, junit:junit:4.12
https://github.com/malmstein/yahnac.git, junit:junit:4.12
https://github.com/ChuChuYu/LifeAPP.git, junit:junit:4.12
junit:junit:4.12"
https://github.com/premnirmal/StockTicker.git, junit:junit:$JUNIT_VERSION"
https://github.com/tutao/tutanota.git, NOT FOUND
https://github.com/associazione-rousseau/voting-chain-app.git, 4.12
https://github.com/EvgenyKravtsov/Beacon.git, junit:junit:4.12
https://github.com/QuantumLeaper/android-wallet.git, 4.12
https://github.com/MicGun/LeLeLe.git, junit:junit:4.12
https://github.com/Shilaghae/MovieNight.git, junit:junit:4.12"
https://github.com/bugy/SheLi.git, NOT FOUND
https://github.com/PraveenSheroes/sheroes-android.git, junit:junit:4.12
junit:junit:4.12
https://github.com/KChernenko/WhatToWatch.git, NOT FOUND
https://github.com/AppCivico/sagui-android.git, 4.12
https://github.com/HossamOnsy/Animesta.git, junit:junit:4.12
https://github.com/dudayefahmad/FootballAppKotlin.git, junit:junit:4.12
https://github.com/bokonon/MoireCreator.git, NOT FOUND
https://github.com/dbahat/conventions.git, NOT FOUND
https://github.com/pekebyte/somosoco.git, junit:junit:4.12
https://github.com/rbholanath/AMOLED-Scrum-Poker.git, junit:junit:4.12
https://github.com/DeychAI/cookchooser.git, NOT FOUND
https://github.com/Infineon/BlockchainSecurity2Go-Android.git, junit:junit:4.12
https://github.com/libriciel/i-Parapheur-Android.git, NOT FOUND
https://github.com/ponewheel/android-ponewheel.git, junit:junit:4.12"
https://github.com/zinfin/NearbyPlaces.git, 4.12
https://github.com/gentlecat/Simple-Counter.git, NOT FOUND
https://github.com/wownero/wownerujo.git, 4.12
https://github.com/niteshpatel/ministocks.git, NOT FOUND
https://github.com/Swati4star/Images-to-PDF.git, junit:junit:4.13.2
https://github.com/hi77er/mosy.Android.git, junit:junit:4.12
https://github.com/75py/TextCounter.git, junit:junit:4.12
https://github.com/phillipao/juryduty.git, junit:junit:4.12
https://github.com/SUPLA/supla-android.git, NOT FOUND
https://github.com/robertoissc/power-nap-android.git, NOT FOUND
https://github.com/Pozzoooo/JavascriptAutomator.git, junit:junit:4.12
https://github.com/Artenes/speedbro.git, junit:junit:4.12
https://github.com/Bernie-2016/fieldthebern-android.git, junit:junit:4.12
https://github.com/nishaSTM/Logistic-Demo-App.git, junit:junit:4.12
https://github.com/naman14/TimberX.git, junit:junit:${versions.junit}"
https://github.com/BattleShipPark/BSP-Gallery.git, junit:junit:4.12
junit:junit:4.12
https://github.com/germanandrade/PokerClub.git, junit:junit:4.12
https://github.com/Tetr4/Radio.git, junit:junit:4.12
https://github.com/hitherejoe/HackerNewsReader.git, junit:junit:4.12
junit:junit:4.12
https://github.com/kids-cademy/quiz.instruments.git, junit:junit:4.12
https://github.com/Ali-Rezaei/TMDb-Paging.git, NOT FOUND
https://github.com/liamo7/Tally-Android.git, junit:junit:4.12
https://github.com/FrogDevelopment/PregnancyCalendar.git, junit:junit:$junitVersion"
https://github.com/jmodrako/TrainingAppRecipes.git, junit:junit:4.12
https://github.com/rainqer/qrgen.git, NOT FOUND
https://github.com/jellyfin/jellyfin-androidtv.git, NOT FOUND
https://github.com/IkechukwuAKalu/krypto.git, 4.12
https://github.com/HaojieZheng/BadmintonScoreCounter.git, junit:junit:4.12
https://github.com/apachucy/MTGDraftParingApp.git, NOT FOUND
https://github.com/dan-0/MarcTrainTracker.git, NOT FOUND
https://github.com/btimofeev/UniPatcher.git, junit:junit:4.13.2
https://github.com/u-blox/Android-u-blox-BLE.git, junit:junit:4.12
https://github.com/andstatus/andstatus.git, NOT FOUND
https://github.com/receme/SafetyCharger.git, NOT FOUND
https://github.com/hermasyp/Football-Match.git, NOT FOUND
https://github.com/pjanczyk/lo1olkusz.git, junit:junit:4.12
https://github.com/butul0ve/UrbanSlang.git, NOT FOUND
https://github.com/abhijitvalluri/fitnotifications.git, junit:junit:4.12
https://github.com/frysztak/niebieskie-tramwaje.git, junit:junit:4.12
https://github.com/romanchekashov/currency-and-stock-widget.git, NOT FOUND
https://github.com/piittis/android-playlist-widget.git, junit:junit:4.13.1
https://github.com/IronArtichoke/nLess-Sketchpad.git, junit:junit:4.12
https://github.com/ashomokdev/Lullabies.git, junit:junit:4.12
https://github.com/BarryBryant/rally-genius-android.git, junit:junit:4.12
https://github.com/NamelessOne/FantasyRadio.git, NOT FOUND
https://github.com/jonatantierno/huggingNepal.git, junit:junit:4.12
https://github.com/danielmroczka/auto-tethering.git, NOT FOUND
https://github.com/guisantogui/randomizeme.git, 4.12
https://github.com/WojciechKo/stack-overflow-android.git, NOT FOUND
https://github.com/greenhub-project/batteryhub.git, junit:junit:4.12
https://github.com/zoromatic/ZoromaticWidgets.git, junit:junit:4.12
junit:junit:4.12
https://github.com/Potass/ConnectBot.git, junit:junit:4.12
https://github.com/djacoronel/GWACalculator.git, junit:junit:4.12
https://github.com/mikeschen/HangBoardRepeatersAndroid.git, junit:junit:4.12
https://github.com/ashdavies/eternity.git, NOT FOUND
https://github.com/scottquach/Homework-Chatbot-Assistant.git, junit:junit:4.12
https://github.com/mbaraka/TheScore.git, junit:junit:4.12
https://github.com/kpekala/Blefik.git, junit:junit:4.12
https://github.com/room-15/ChatSE.git, NOT FOUND
https://github.com/TonnyL/PaperPlane.git, junit:junit:${versions.junit}"
https://github.com/ronaldsmartin/20twenty20.git, 4.12
https://github.com/apps4av/avare.git, junit:junit:4.12
https://github.com/connectbot/connectbot.git, junit:junit:4.13.2
https://github.com/pockethub/PocketHub.git, junit:junit:4.12
https://github.com/YoeriNijs/NoteBuddy.git, NOT FOUND
https://github.com/openhab/openhab-android.git, NOT FOUND
https://github.com/cotechde/termbot.git, junit:junit:4.13.1
https://github.com/thuryn/your-local-weather.git, junit:junit:4.13
https://github.com/menny/lumiere.git, junit:junit:4.12
https://github.com/mdnaseemashraf/Memento2.git, junit:junit:4.13
https://github.com/os2indberetning/OS2_Android.git, junit:junit:4.13.2
https://github.com/zlodag/aRMOur.git, junit:junit:4.12
https://github.com/brolam/CloudVision.git, NOT FOUND
https://github.com/segler-alex/RadioDroid.git, junit:junit:4.13.2
https://github.com/andstatus/todoagenda.git, 4.13.2
https://github.com/mathisdt/sdbviewer.git, junit:junit:4.13.2
https://github.com/drymarev/rxbsuir.git, NOT FOUND
https://github.com/masaki-shoji/KotlinAppSample.git, junit:junit:4.12
https://github.com/KeltApps/Missgsanchez.git, junit:junit:4.12
https://github.com/farmasek/Audio_Manager.git, junit:junit:4.12
https://github.com/michael830713/ProjectBoxScore.git, junit:junit:4.12
junit:junit:4.12
https://github.com/steveholt55/Football-College-Trivia-Android.git, NOT FOUND
https://github.com/chaimt/JewishDay.git, junit:junit:4.12
https://github.com/JGeraldoLima/pos-facisa-androidproject.git, NOT FOUND
https://github.com/Purdue-ACM-SIGApp/PurdueLaundry-android.git, junit:junit:4.12
https://github.com/Psycadelik/anotherone.git, junit:junit:4.12
https://github.com/joenelsong/android_IntervalTimerMetronome.git, junit:junit:4.12
https://github.com/rmm01/CycleBattleDemo.git, junit:junit:4.12
https://github.com/rene-anderes/CookbookApp.git, NOT FOUND
https://github.com/IRA-Team/VKPlayer.git, junit:junit:4.12
https://github.com/ashomokdev/OCRme.git, NOT FOUND
https://github.com/pjwelcome/WeatherAppDemo.git, junit:junit:4.12
junit:junit:4.12
https://github.com/AndriiLytvyniuk/BarcodeWidget.git, junit:junit:4.12
junit:junit:4.12
https://github.com/Swipesh/DeliveryApp-Burgx.git, NOT FOUND
https://github.com/Maruchin1/MediHelper.git, NOT FOUND
https://github.com/bferris1/Purdue-Menus-Android.git, junit:junit:4.13.2
https://github.com/guliash/Calculator.git, junit:junit:4.12
https://github.com/Ryanair/android-layered-architecture-example.git, junit:junit:4.12
https://github.com/d-Rickyy-b/MGGVertretungsplan.git, junit:junit:4.13.2
https://github.com/AnimeTwinCities/anime-detour-android.git, NOT FOUND
https://github.com/dshalom/MovieMania.git, NOT FOUND
https://github.com/jamie084/DPW.git, junit:junit:4.11
https://github.com/tahnok/ALRM.git, junit:junit:4.12
https://github.com/davidshen84/ResetWiFi.git, junit:junit:4.12
https://github.com/mmarose14/CoffeeTracker.git, junit:junit:4.12
https://github.com/Tenacle/FifthElement.git, NOT FOUND
https://github.com/SapuSeven/BetterUntis.git, junit:junit:4.13.2
https://github.com/iSoron/uhabits.git, NOT FOUND
https://github.com/nextcloud/news-android.git, NOT FOUND
https://github.com/chrisboyle/sgtpuzzles.git, NOT FOUND
https://github.com/fasteque/rgb-tool.git, NOT FOUND
https://github.com/richsmith/sexytopo.git, junit:junit:4.13.2
https://github.com/koelleChristian/trickytripper.git, junit:junit:4.12"
junit:junit:4.12"
https://github.com/physphil/UnitConverterUltimate.git, junit:junit:4.12
https://github.com/ligi/VaporizerControl.git, NOT FOUND
https://github.com/lexica/lexica.git, junit:junit:4.13.1"
https://github.com/ccrama/Slide.git, NOT FOUND
https://github.com/dharmaseed/dharmaseed-android.git, junit:junit:4.13.2
https://github.com/dsolonenko/financisto.git, junit:junit:4.12
https://github.com/AntonioCappiello/curriculum-vitae.git, junit:junit:${JUNIT_VERSION}"
https://github.com/kwmt/GitHubSearch.git, junit:junit:4.12
https://github.com/babramovitch/CoinStacks.git, junit:junit:4.12
junit:junit:4.12
https://github.com/etp404/frenchverbinator.git, NOT FOUND
https://github.com/AntennaPod/AntennaPod.git, 4.13
https://github.com/kiwix/kiwix-android.git, NOT FOUND
https://github.com/xxxcucus/planes.git, NOT FOUND
https://github.com/ovitrif/android-news-app.git, junit:junit:4.12
https://github.com/mickstar/Zoo-For-Zotero.git, junit:junit:4.13.2
https://github.com/Dev1012You/GGP_Android.git, junit:junit:4.11
https://github.com/thomasfischersm/BagZombie.git, junit:junit:4.12
https://github.com/darkowlzz/gmsapp.git, junit:junit:4.12
https://github.com/nkarasch/RepeatingReminder.git, junit:junit:4.12
https://github.com/brentn/TomatoHub.git, junit:junit:4.12
junit:junit:4.12
junit:junit:4.12
https://github.com/varunrpillai/karma_android.git, junit:junit:4.12
https://github.com/mendhak/gpsmapper.git, junit:junit:4.12
https://github.com/Kuan-Hsien/TimeManagement.git, junit:junit:4.12
https://github.com/Klemek/AngersTramWidget.git, junit:junit:4.12
https://github.com/RogerTsai917/MakeCoffe.git, junit:junit:4.12
https://github.com/lewismcgeary/AndroidGameofLife.git, junit:junit:4.12
junit:junit:4.12
https://github.com/dminor/mockingbird.git, NOT FOUND
https://github.com/damdordev/notepad.git, NOT FOUND
https://github.com/gstraube/cythara.git, junit:junit:4.13
https://github.com/wizmer/syncorg.git, NOT FOUND
https://github.com/ashutoshgngwr/noice.git, NOT FOUND
https://github.com/wulkanowy/wulkanowy.git, junit:junit:4.13.2"
https://github.com/Limegrass/Wanicchou.git, junit:junit:4.12
https://github.com/camsteffen/polite.git, NOT FOUND
https://github.com/dahano/MyExpenses.git, NOT FOUND
https://github.com/colesadam/hill-lists.git, junit:junit:4.12
https://github.com/gnosis/safe-android.git, NOT FOUND
https://github.com/youkai-app/Youkai.git, junit:junit:4.12
https://github.com/yshrsmz/monotweety.git, NOT FOUND
https://github.com/saied89/DVDPrism.git, junit:junit:4.12
https://github.com/hnocturna/project.kitchen.git, junit:junit:4.12
https://github.com/luankevinferreira/expenses.git, junit:junit:4.12
https://github.com/rapidpro/surveyor.git, junit:junit:4.13.2
https://github.com/FlorianSW/mediawiki-app-PasswordlessLogin.git, junit:junit:4.12
https://github.com/SvenWerlen/pathfinderfr-android.git, junit:junit:4.12
https://github.com/netguru/coolcal-android.git, junit:junit:4.12
https://github.com/NiciDieNase/chaosflix-leanback.git, NOT FOUND
https://github.com/thomasfischersm/PeerToPeerOxygen.git, junit:junit:4.12
https://github.com/gruut/signer-android.git, junit:junit:4.12
https://github.com/Aedge90/Nine-Mens-Morris-Android.git, junit:junit:4.12
https://github.com/mlintonford/bikecloud.git, junit:junit:4.12
https://github.com/sky-map-team/stardroid.git, junit:junit:4.13.1
junit:junit:4.13.1
https://github.com/javier-delgado/anima-calculator-ex.git, junit:junit:4.12
https://github.com/dgngulcan/droid-feed.git, NOT FOUND
https://github.com/lsaccoz/Beacon.git, junit:junit:4.12
https://github.com/asksven/BetterBatteryStats.git, junit:junit:4.13.2
https://github.com/wuan/bo-android.git, junit:junit:4.13.2
https://github.com/EvanRespaut/Equate.git, junit:junit:4.12
https://github.com/murraycu/android-galaxyzoo.git, NOT FOUND
https://github.com/federicoiosue/Omni-Notes.git, NOT FOUND
https://github.com/owncloud/android.git, NOT FOUND
https://github.com/maxpower47/PinDroid.git, junit:junit:4.12
https://github.com/MarcusWolschon/osmeditor4android.git, NOT FOUND
https://github.com/PaulWoitaschek/Voice.git, NOT FOUND
https://github.com/Kestutis-Z/World-Weather.git, NOT FOUND
https://github.com/codinguser/gnucash-android.git, junit:junit:4.12
https://github.com/brarcher/rental-calc.git, junit:junit:4.12
https://github.com/manismagic/HackerNews.git, junit:junit:4.12
https://github.com/niccokunzmann/mundraub-android.git, junit:junit:4.12
https://github.com/bparmentier/WiFiKeyShare.git, junit:junit:4.12
https://github.com/swentel/indigenous-android.git, NOT FOUND
https://github.com/RyuzakiKK/NoteCrypt.git, junit:junit:4.12
https://github.com/reloZid/android-anuto.git, NOT FOUND
https://github.com/fvasco/pinpoi.git, junit:junit:4.13.2
https://github.com/SecUSo/privacy-friendly-passwordgenerator.git, junit:junit:4.13.2
https://github.com/namlit/siteswap_generator.git, junit:junit:4.12
https://github.com/rignaneseleo/SlimSocial-for-Facebook.git, NOT FOUND
https://github.com/SimpleMobileTools/Simple-Calculator.git, NOT FOUND
https://github.com/SecUSo/privacy-friendly-shopping-list.git, junit:junit:4.12
https://github.com/gsantner/markor.git, junit:junit:4.13.2
https://github.com/Mygod/VPNHotspot.git, NOT FOUND
https://github.com/vbier/habpanelviewer.git, junit:junit:4.12
https://github.com/PhotoBackup/client-android.git, junit:junit:4.12
https://github.com/caarmen/poet-assistant.git, junit:junit:$junit_version"
https://github.com/brarcher/loyalty-card-locker.git, junit:junit:4.12
https://github.com/lesspass/lesspass.git, NOT FOUND
https://github.com/BenoitDuffez/AndroidCupsPrint.git, junit:junit:4.12
junit:junit:4.12
https://github.com/ramack/ActivityDiary.git, junit:junit:4.12
junit:junit:4.12
https://github.com/kalaspuffar/secure-quick-reliable-login.git, junit:junit:4.13.1
https://github.com/Berlin-Vegan/berlin-vegan-guide.git, junit:junit:4.12
https://github.com/GunshipPenguin/open_flood.git, junit:junit:4.12
https://github.com/greenaddress/abcore.git, NOT FOUND
https://github.com/cfatihb/buluterp.git, junit:junit:4.12
https://github.com/nettrash/SIB.Android.git, junit:junit:4.12
https://github.com/devDeejay/NoteSpace.git, junit:junit:4.12
https://github.com/mick88/dit-timetables.git, junit:junit:4.11
https://github.com/amrendra18/codezera.git, junit:junit:4.12
https://github.com/jimybrian/k52WeekChallenge.git, junit:junit:4.12
https://github.com/SecUSo/privacy-friendly-battleship.git, junit:junit:4.12
https://github.com/alexmojaki/quiggles.git, junit:junit:4.12
https://github.com/bigmikehoncho/RiskDiceSimulator.git, junit:junit:4.12
https://github.com/m821926/RiverMonitor.git, NOT FOUND
https://github.com/PiXeL16/Sea-Nec-IO.git, junit:junit:4.12
https://github.com/BananoCoin/natrium-android-wallet.git, junit:junit:$J_UNIT_VERSION"
https://github.com/eastlighting1/producejakj.git, NOT FOUND
https://github.com/TimLavers/IndoFlashJava.git, junit:junit:4.12
https://github.com/Jindetta/Android-Sudoku.git, junit:junit:4.12
https://github.com/DanielTheDeveloper/My-Digital-Safe.git, NOT FOUND
https://github.com/Flinted/ALT-Crypto-Tracker.git, junit:junit:$JUNIT_VERSION"
junit:junit:4.12
https://github.com/lalitkhandal/Fact.git, NOT FOUND
https://github.com/ffc-nectec/android.git, NOT FOUND
https://github.com/Mools222/Consentcoin.git, junit:junit:4.12
https://github.com/IanField90/CattleBodyConditioning.git, junit:junit:4.12
https://github.com/CiaShangLin/FUC_food.git, junit:junit:4.12
https://github.com/pnemonic78/PowerFailure.git, NOT FOUND
https://github.com/fedeLizondo/BaseDeDatos.git, junit:junit:4.12
https://github.com/ProjectUNBI/Iyek_Retouch.git, junit:junit:4.12
https://github.com/lszymans/CityLocalizer.git, NOT FOUND
https://github.com/henrychtang/CalculatorForAndrioid.git, junit:junit:4.12
https://github.com/flakeynetworks/QRSequencer-Android.git, junit:junit:4.12
https://github.com/alessio-b-zak/myRivers.git, NOT FOUND
https://github.com/AldresGit/Edukka.git, junit:junit:4.12
https://github.com/MahalingamD/ROTO.git, junit:junit:4.12
https://github.com/codedrift/tinydash-calendar.git, junit:junit:4.12
https://github.com/domjos1994/SchoolTools.git, junit:junit:${propJUnitVersion}"
https://github.com/alexandrudsc/University-timetable-Android.git, junit:junit:4.12
https://github.com/cmusik/httpserver-android.git, junit:junit:4.12
https://github.com/dannijax/standing-still.git, NOT FOUND
https://github.com/paspao/MobiStego.git, NOT FOUND
https://github.com/gbarre/xiaExpressAndroid.git, junit:junit:4.12
junit:junit:4.12
https://github.com/pec0ra/mobility-rate-calculator.git, junit:junit:4.13.2
https://github.com/kevdliu/PoorMansHomeStereo.git, junit:junit:4.12
junit:junit:4.12
https://github.com/seadowg/taflan.git, NOT FOUND
https://github.com/Txagg1992/TakeNote.git, junit:junit:4.12
https://github.com/badarshahzad/Earthquake-Report.git, junit:junit:4.12
https://github.com/psocha/GoGameClock.git, junit:junit:4.12
https://github.com/sysrqb/ortt.git, junit:junit:4.12
https://github.com/phash/Semux-Android-Wallet.git, NOT FOUND
https://github.com/kikAutomation/3d.git, junit:junit:4.12
https://github.com/Evin1-/PopularMovies.git, junit:junit:4.12
https://github.com/artem122ya/TomatoTimer-Android.git, junit:junit:4.12
https://github.com/plusCubed/velociraptor.git, junit:junit:4.13.1
https://github.com/mach91uk/alarmatic.git, NOT FOUND
https://github.com/jay1729/Class-Manager.git, junit:junit:4.12
https://github.com/jamsinclair/ow-camera-android.git, junit:junit:4.12
https://github.com/jonadaly/brood-android.git, junit:junit:4.12
https://github.com/sullivankw/blackjack-v2-android-app.git, NOT FOUND
https://github.com/tomaszd/FoodClicker.git, junit:junit:4.12
https://github.com/figonzal1/LastQuakeChile.git, NOT FOUND
https://github.com/MendelVV/RCOKO27.git, junit:junit:4.12
https://github.com/CoolMicApp/CoolMicApp-Android.git, NOT FOUND
https://github.com/guni82hu/ConvictMetronome.git, NOT FOUND
https://github.com/abahnj/Confession.git, junit:junit:4.12
https://github.com/rahobbs/ToDoList.git, junit:junit:4.12
https://github.com/RedCiudadana/candidatosAndroid.git, junit:junit:4.12
https://github.com/CarstenKarbach/VoBox.git, junit:junit:4.12
https://github.com/patrickma345/Shopper.git, junit:junit:4.12
https://github.com/NickvanDyke/Sia-Android.git, junit:junit:4.12
https://github.com/firemaples/EverTranslator.git, NOT FOUND
https://github.com/MrR0bo7/FreezerManager.git, NOT FOUND
https://github.com/LyricalMaestro/SoracomSampleApp.git, NOT FOUND
https://github.com/mick88/convoytrucking-android.git, junit:junit:4.12
https://github.com/oNguyenDucManh/Maththpt_Android.git, junit:junit:4.12
https://github.com/jeremybrooks/readsy-android.git, junit:junit:4.12
https://github.com/colinjeremie/MusicQuizz.git, junit:junit:4.12
https://github.com/alflaylah/project-wifi-android.git, NOT FOUND
https://github.com/rrtulpule/curbit.git, NOT FOUND
https://github.com/sirconceptz/MyPantry.git, junit:junit:4.13.2"
https://github.com/nsnikhil/RandomNo.git, 4.12
https://github.com/GiPiLab/simulateur-de-placements.git, junit:junit:4.13.2
https://github.com/savvavolobuev/NoOpinion.git, junit:junit:4.12
https://github.com/TuMoH/ImTranslator.git, junit:junit:4.12
https://github.com/Polurival/CurrencyConverter.git, junit:junit:4.12
https://github.com/yanwsh/RideSharing.git, junit:junit:4.11
https://github.com/MahmoudMabrok/QuranyApp.git, junit:junit:4.12
https://github.com/OliGonCreations/BienenTracker.git, NOT FOUND
https://github.com/mutwakilmo/MoodTracker.git, junit:junit:4.12
https://github.com/shalperin/cooper-hewitt-android.git, NOT FOUND
https://github.com/konifar/droidkaigi2016.git, junit:junit:4.12
https://github.com/stacks13/KC-Student.git, junit:junit:4.12
https://github.com/martipello/Bulll-Sheet-Generator.git, junit:junit:4.12
https://github.com/UCDTtbot/WorkoutPlanner.git, junit:junit:4.12
https://github.com/brcamp13/lostInTheWoods.git, junit:junit:4.12
https://github.com/ASofterSpace/UniversalConverter.git, junit:junit:4.12
https://github.com/jaunerc/ThinkQuick.git, junit:junit:4.12
https://github.com/ascii274/DutyFree.git, NOT FOUND
https://github.com/illbexyz/latex-it.git, junit:junit:4.12
https://github.com/Digolodollarz/HolyBible.git, junit:junit:4.12
https://github.com/Fewlaps/flone-android.git, NOT FOUND
https://github.com/luiscarino/next-idea-android.git, junit:junit:4.12
https://github.com/ezet/movie-tracker.git, junit:junit:4.12
https://github.com/Modesteam/Pardal.git, NOT FOUND
https://github.com/Edeqa/Waytous.git, junit:junit:+
junit:junit:+
https://github.com/kelvinwatson/hoppy_for_android.git, junit:junit:4.12
https://github.com/5calls/android.git, NOT FOUND
https://github.com/openintents/calendar-sync.git, junit:junit:4.12
https://github.com/yuragr/BPolite.git, junit:junit:4.12
https://github.com/1andyn/droid_sch.git, junit:junit:4.12
https://github.com/zdenda/kaktus-dobijecka.git, junit:junit:4.13.2
https://github.com/OpenSeizureDetector/Android_Pebble_SD.git, junit:junit:4.13.2
https://github.com/karlkar/queuedroid.git, junit:junit:4.13.1
https://github.com/csovan/Recipe.git, junit:junit:4.12
https://github.com/ashomokdev/ENumbers_Android.git, NOT FOUND
https://github.com/jamie23/Android-Wallpaper-Manager.git, junit:junit:4.12
https://github.com/marceloMiotto/BrigaderiaFina2015.git, junit:junit:4.12
https://github.com/PlantandFoodResearch/aspire-lite.git, NOT FOUND
https://github.com/vipheyue/FadeTop.git, junit:junit:4.12
https://github.com/vexelon-dot-net/currencybg.app.git, NOT FOUND
https://github.com/lizyeseul/SoftHanJolUp.git, junit:junit:4.12
junit:junit:4.12
https://github.com/peppermintcom/Peppermint-Android.git, junit:junit:4.12
https://github.com/bachmmmar/nfc_sounds.git, junit:junit:4.12
https://github.com/CarlosAguA/traccar-manager-android.git, junit:junit:4.12
https://github.com/codimoc/PrismaCallBlocker.git, junit:junit:4.12
https://github.com/dmayboroda/friendinneed.git, junit:junit:4.12
https://github.com/salminnella/PreScoop.git, NOT FOUND
https://github.com/brianjaustin/permitlog-android.git, junit:junit:4.12
https://github.com/ykayacan/Backpackers.git, junit:junit:4.12
https://github.com/popovanton0/gia-answers.git, junit:junit:4.12
https://github.com/adrianczuczka/Songle.git, junit:junit:4.12
https://github.com/an-garcia/MovieGuide.git, NOT FOUND
https://github.com/sewerina/reek.git, junit:junit:4.12
https://github.com/AndrewPochapsky/RoutinePlanner.git, junit:junit:4.12
https://github.com/michaeljordanr/JacocoCoverageModel.git, junit:junit:4.12
https://github.com/LupusMs/MensaMenu.git, NOT FOUND
https://github.com/FrankSpitulski/TritonTrade.git, junit:junit:4.12
junit:junit:4.12
https://github.com/MatthewDailey/ruthless-priorities-android.git, junit:junit:4.12
https://github.com/ucam-emule/eMule.git, NOT FOUND
https://github.com/egross91/CIS4914.git, NOT FOUND
https://github.com/AlexWalker28/OpenBudgetApp.git, NOT FOUND
https://github.com/dentalmarket/android.git, junit:junit:4.12
https://github.com/rovermore/PlanMad.git, junit:junit:4.12
https://github.com/Marrrrtthias/Zeiterfassung.git, junit:junit:4.12
https://github.com/KleberDevMen/AcampamentoAdventista.git, NOT FOUND
https://github.com/aksel/steganography-app.git, junit:junit:4.12
https://github.com/stepann/Quadratic-Equation.git, junit:junit:4.12
https://github.com/ruuvi/com.ruuvi.station.git, junit:junit:4.13
https://github.com/ciuc/InternetRadioClock.git, NOT FOUND
https://github.com/LucasOnofre/WikiMovies.git, junit:junit:4.12
https://github.com/cjndubisi/Pro-Tracker-Android.git, NOT FOUND
https://github.com/BeedleEiEi/final_project_android.git, junit:junit:4.12
https://github.com/opendatakit/sensorsframework.git, NOT FOUND
https://github.com/TekkLabs/memoria-politica.git, NOT FOUND
https://github.com/Scaronthesky/UK-Gebaerden_Muensterland.git, junit:junit:4.12
junit:junit:4.12
https://github.com/UlricusR/FPU_Calculator.git, NOT FOUND
https://github.com/edawn/flow-android.git, NOT FOUND
https://github.com/sowd/TagCam.git, junit:junit:4.12
https://github.com/leonkamerlinn/TodoApp.git, junit:junit:4.12
https://github.com/jangerhard/BitcoinWalletTracker.git, junit:junit:4.12
https://github.com/plukic/ZavrsniRad-Mobile.git, NOT FOUND
https://github.com/osvid/Tarea3-Almacenamiento.git, NOT FOUND
https://github.com/RayBa82/DVBViewerController.git, NOT FOUND
https://github.com/hsson/card-balance-app.git, junit:junit:4.12
https://github.com/kawaiiDango/pScrobbler.git, NOT FOUND
https://github.com/charlesmadere/that-lil-hummingbird.git, NOT FOUND
https://github.com/SecUSo/privacy-friendly-food-tracker.git, junit:junit:4.13.2
https://github.com/midhunhk/trip-o-meter.git, junit:junit:4.13.2
https://github.com/BYUCS240TA/SuperAsteroidsStartingCode.git, NOT FOUND
https://github.com/fattazzo/total-gp-world.git, junit:junit:4.12
https://github.com/DeepaMalani/Near-By-Places.git, junit:junit:4.12
https://github.com/VolcanicSlippers/sugarcontrol.git, NOT FOUND
https://github.com/guybridge/Project12.git, junit:junit:4.12
https://github.com/IgorGee/MTA-Perfect-Fare.git, junit:junit:4.12
https://github.com/GoneUp/Htwg_LsfPlan.git, junit:junit:4.12
junit:junit:4.12
https://github.com/longdivision/hex.git, junit:junit:4.12
https://github.com/nordfalk/AndroidElementer.git, junit:junit:4.12
https://github.com/olivejp/OPT-MOBILE.git, junit:junit:4.12
https://github.com/sanemat/android-open-for-hatena-bookmark.git, junit:junit:4.12
https://github.com/Adphi/BattleGeek.git, junit:junit:4.12
https://github.com/mariouged/com.comoelagua.android.braille.git, junit:junit:4.12
https://github.com/adrmal/DrSmartMobile.git, junit:junit:4.12
https://github.com/procrastimax/BirthdayBuddy.git, junit:junit:4.12
https://github.com/linux-colonel/AdminControl.git, junit:junit:4.13.2
https://github.com/bamptonm/omni.git, NOT FOUND
https://github.com/grillo87/kotlin_mvp.git, junit:junit:4.12
https://github.com/vibbix/BallroomCalculator.git, junit:junit:4.12
https://github.com/ivydrenkov/HookahLocator.git, junit:junit:4.12
https://github.com/JobardJerome14/KenkenJJ.git, junit:junit:4.12
https://github.com/Jigsaw-Code/Intra.git, NOT FOUND
https://github.com/NikShuvalov/Twas.git, NOT FOUND
https://github.com/Coedia/NFCTimeControl.git, junit:junit:4.12
https://github.com/astrada/smartwishlistapp-android.git, junit:junit:4.12
https://github.com/jasonli468/Purdue-HCR-Android.git, junit:junit:4.12
https://github.com/openpodd/podd-android.git, NOT FOUND
https://github.com/mannd/epcalipers-android.git, junit:junit:4.13.2
https://github.com/rijogeorge7/TipCalculator.git, junit:junit:4.12
https://github.com/44dw/Temperature.git, junit:junit:4.12
https://github.com/Tiraza/YGOPS.git, NOT FOUND
https://github.com/x-falcon/Virtual-Hosts.git, junit:junit:4.13.2
https://github.com/WesBunton/MyCertificates.git, junit:junit:4.12
https://github.com/jordiguzman/Capstone-Stage-2.git, junit:junit:4.12
https://github.com/jiro-aqua/KantanRosenKensaku.git, NOT FOUND
https://github.com/The224/Infectious_Mobile.git, NOT FOUND
https://github.com/giorgiosironi/fizz-buzz-android.git, junit:junit:4.12
https://github.com/rstockbridge/ShowStats.git, junit:junit:4.13.2
https://github.com/luni66/Arpav.git, NOT FOUND
https://github.com/ozyjay/GPS_Painter.git, junit:junit:4.12
https://github.com/marcosdiez/LimiteCartao.git, junit:junit:4.12
https://github.com/nesralla/butecos.git, junit:junit:4.12
https://github.com/zack2/BakingApp.git, junit:junit:4.12
https://github.com/Paul-FJ-Aranas/Oregon_Garden.git, junit:junit:4.12
junit:junit:4.12
https://github.com/Galen-Chen/OpenNotes.git, NOT FOUND
https://github.com/brunodea/nevertoolate.git, junit:junit:4.12
https://github.com/Jenova7/Electra-Android.git, junit:junit:4.12
https://github.com/karino2/MeatPieDay.git, junit:junit:4.12
https://github.com/OmarMohamedDev/CentralTrackingWay.git, junit:junit:4.12
https://github.com/YonahKarp/SeatSuite.git, junit:junit:4.12
https://github.com/mkloar/DrinkMoreWater.git, junit:junit:4.12
https://github.com/daverix/urlforwarder.git, NOT FOUND
https://github.com/lv111/VOUTY.git, junit:junit:4.12
https://github.com/gatheringhallstudios/MHWorldDatabase.git, NOT FOUND
https://github.com/carcme/btown_mvp.git, junit:junit:4.12
https://github.com/RCasatta/EternityWallAndroid.git, NOT FOUND
https://github.com/ineiti/Dictionary2.git, junit:junit:4.12
https://github.com/michaldaniel/czyhandlowa-android.git, junit:junit:4.12
https://github.com/carlendev/todo-app.git, junit:junit:4.12
https://github.com/doomcatLee/translate-sms-android.git, junit:junit:4.12
https://github.com/Fitzbattleaxe/DNi.git, junit:junit:4.12
https://github.com/OmicronElement/Tap-Tracker.git, junit:junit:4.12
https://github.com/samaromku/buildingReviews.git, junit:junit:4.12
https://github.com/MickaelHrndz/RealEstateManager.git, junit:junit:4.12
https://github.com/gfx/Android-Helium.git, junit:junit:4.12
junit:junit:4.12
https://github.com/BoD/CineToday.git, NOT FOUND
https://github.com/allefsousa/Adoro-Filmes.git, junit:junit:4.12
https://github.com/AdoraNwodo/got-trivia.git, NOT FOUND
https://github.com/kirtan96/Sherpa.git, junit:junit:4.12
junit:junit:4.12
https://github.com/tomszilagyi/svhu1972.git, NOT FOUND
https://github.com/Umweltzone/Umweltzone.git, 4.13.2
https://github.com/niranjan94/show-java.git, junit:junit:4.12"
junit:junit:4.12"
https://github.com/Rufim/Samlib.git, NOT FOUND
https://github.com/ODNZSL/nzsl-dictionary-android.git, NOT FOUND
https://github.com/maneca/ProgramGenerator.git, junit:junit:4.12
https://github.com/gatzka/android-scan.git, NOT FOUND
https://github.com/NWuensche/MorningPages.git, junit:junit:4.12
https://github.com/Ashish-Bansal/OneTapVideoDownload.git, junit:junit:4.12
https://github.com/SuleymanovTat/gallery.git, junit:junit:4.12
https://github.com/vladast/pelconner.git, NOT FOUND
https://github.com/aayaffe/SailingRaceCourseManager.git, junit:junit:4.13.2
https://github.com/ajsherrell/BakingApp.git, junit:junit:4.12
https://github.com/JavonDavis/Resume-Android-App.git, junit:junit:4.12
https://github.com/replicant1/TrafficAtNSW.git, junit:junit:4.12
junit:junit:4.12
https://github.com/Cobresun/factfulnewsAndroid.git, junit:junit:4.13.2
https://github.com/SmileChaoLee/BouncyBall.git, junit:junit:4.13
https://github.com/nihitb06/TheUpdate.git, junit:junit:4.12
https://github.com/Izodine/Capstone-Project.git, NOT FOUND
https://github.com/evolv34/p2j-v2.git, junit:junit:4.12
https://github.com/hodlwallet/hodl-wallet-android.git, junit:junit:4.12
https://github.com/BullMobi/Easy-Notification.git, NOT FOUND
https://github.com/borfast/arrispwgen-android.git, junit:junit:4.12
https://github.com/Tuchnyak/smart-criteria.git, junit:junit:4.12
https://github.com/shiftlyapp/Shiftly.git, junit:junit:4.13-beta-3
https://github.com/anisart/VV.git, junit:junit:4.12
https://github.com/sfeto/nongli.git, NOT FOUND
https://github.com/TylerCarberry/PTSD-Aid.git, junit:junit:4.12"
https://github.com/ForestGuardian/ForestGuardianAndroid.git, junit:junit:4.12
https://github.com/PerrigoGames/Life4DDR-Trials.git, NOT FOUND
https://github.com/brugienis/Capstone-Project.git, junit:junit:$jUnit"
junit:junit:$jUnit"
junit:junit:4.12
https://github.com/hei-connect/android.git, junit:junit:4.12
https://github.com/jrodalo/copit.git, junit:junit:4.12
https://github.com/Iamsdt/SoilScienceDictionary.git, NOT FOUND
https://github.com/sirrom2005/StingaLtd.git, junit:junit:4.12
https://github.com/Apolline-Lille/apolline-android.git, junit:junit:$junit_version"
https://github.com/clertonleal/SimpleFlickr.git, NOT FOUND
https://github.com/rakuishi/postalcode-android.git, NOT FOUND
https://github.com/sicheng-zhu/HouseholdManagement.git, junit:junit:4.12
https://github.com/meyerd/funktrainer.git, junit:junit:4.12
https://github.com/Johnsi1994/Bid-Sneakers.git, NOT FOUND
https://github.com/BwiredMobile/WiredMonkey.git, junit:junit:4.12
https://github.com/MinterTeam/minter-android-wallet.git, NOT FOUND
https://github.com/CarvellWakeman/IncomeOutcome.git, junit:junit:4.12
https://github.com/Mools222/HOEK-Helper-v1.git, NOT FOUND
https://github.com/grendias/Nano-Wallet-Android.git, junit:junit:$J_UNIT_VERSION"
https://github.com/sbj1811/USNationalParkGuide.git, junit:junit:$junit_version"
https://github.com/theblixguy/Monochrome.git, NOT FOUND
https://github.com/IntegerCompany/HzCalculator.git, junit:junit:4.12
https://github.com/CORDEA/MackerelClient.git, junit:junit:4.12
https://github.com/pumpkinz/pumpkin-reader.git, junit:junit:4.12"
https://github.com/andreyshapkin/MosMosMath.git, junit:junit:4.12
https://github.com/divizdev/WallpaperGallery.git, junit:junit:4.12
https://github.com/mkapusnik/TeamLottery.git, junit:junit:4.12
https://github.com/hasgeek/android.git, junit:junit:4.12
https://github.com/martincheung/wrestlejam.git, junit:junit:4.12
https://github.com/aaronoe/Cinematic.git, junit:junit:4.12
https://github.com/fbandroid/demoof.git, NOT FOUND
https://github.com/D2Edev/TinySelectiveRing.git, junit:junit:4.12
https://github.com/picon-software/eoit.git, NOT FOUND
https://github.com/hapramp/1Rramp-Android.git, junit:junit:$junitVersion"
https://github.com/MrFrozzen/Cookbook.git, NOT FOUND
https://github.com/maciej-kaznowski/Londair.git, junit:junit:4.12
https://github.com/leonardost/kifu-recorder.git, junit:junit:4.12
https://github.com/droidconpl/droidcon-2015-mobile-app.git, junit:junit:4.12
junit:junit:4.12
https://github.com/eReuse/android-old.git, NOT FOUND
https://github.com/pawarprasad37/udacity_baking_app.git, junit:junit:4.12
https://github.com/Enathen/AllergyTest.git, NOT FOUND
https://github.com/JoffreyLGT/MySteamGames.git, junit:junit:4.12
https://github.com/caiyonglong/MusicLake.git, junit:junit:4.13.2
https://github.com/caatUERN/appCAAT.git, junit:junit:4.12
https://github.com/broken-shotgun/run-lines.git, junit:junit:4.13.1
https://github.com/fafeichter/Runnergy.git, junit:junit:4.12
https://github.com/rogernkosi/DevilsPlanet.git, junit:junit:4.12
https://github.com/gabeira/Plantare.git, junit:junit:4.13
https://github.com/magenta-aps/VoKS-android.git, junit:junit:4.12
https://github.com/filippella/Best-Amharic-Keyboard.git, NOT FOUND
https://github.com/kanj-github/caller-details-app.git, junit:junit:4.12
https://github.com/steevp/YoureWinnerApp.git, junit:junit:4.12
https://github.com/peterhuangSC/Jugmaster.git, junit:junit:4.12
https://github.com/ArnaudPiroelle/marvel-muzei-android.git, junit:junit:4.12
https://github.com/bolddp/kvadratapp.git, NOT FOUND
https://github.com/gummangummangumman/WhoseTweetIsThatAppThing.git, NOT FOUND
https://github.com/Geobert/Efficio.git, junit:junit:4.12
https://github.com/NightRaver/foond.git, junit:junit:4.12
junit:junit:4.12
https://github.com/AndyCooler/github-pass15.git, junit:junit:4.12
https://github.com/msintuneappsdk/Taskr-Sample-Intune-Android-App.git, NOT FOUND
https://github.com/NoiceAppOrg/noice-android.git, junit:junit:4.12
https://github.com/memoeslink/Adivinador.git, junit:junit:4.13.2
https://github.com/KentShikama/SoundLocker.git, NOT FOUND
https://github.com/GrinnellAppDev/db-android.git, junit:junit:4.12
junit:junit:4.8.2" } }
https://github.com/ROSHiix/ravencoin-android.git, NOT FOUND
https://github.com/medic/medic-android.git, NOT FOUND
https://github.com/nextcashtech/android_wallet.git, junit:junit:4.12
https://github.com/shivaprasadks/calculator2017.git, junit:junit:4.12
https://github.com/JakeEsveldDevelopment/Vape-Bible-Juice-Calc.git, junit:junit:4.12
https://github.com/Felgueiras/GeriatricHelper.git, junit:junit:4.12
junit:junit:4.12
https://github.com/chervonyi/board-game-android.git, junit:junit:4.12
https://github.com/Sutirth/Espresso.git, NOT FOUND
https://github.com/MissMormie/CWO-Training-App.git, junit:junit:4.12
https://github.com/Kiarasht/Space-Station-Tracker.git, junit:junit:4.13.2
https://github.com/laynekm/bytesize-history.git, junit:junit:4.12
https://github.com/FLF69740/FMEIManager.git, junit:junit:4.12
https://github.com/maddingo/insulincalc.git, junit:junit:4.12
https://github.com/kaleidot725/ashiato-camera.git, NOT FOUND
https://github.com/chrisvasqm/download-time-calculator.git, junit:junit:4.13.2
https://github.com/Fire3galaxy/SilverLining.git, NOT FOUND
https://github.com/zhumayun/Fallout-4-Terminal-Solver.git, junit:junit:4.12
https://github.com/forestcoinspace/WavesWallet-android.git, junit:junit:4.12
https://github.com/dasilvabalautaro/TaSOS.git, NOT FOUND
https://github.com/yifeidesu/DayPlus-Countdown.git, 4.12
https://github.com/jmalenko/DrawingForKids.git, junit:junit:4.12
https://github.com/BenAlderfer/hand-and-foot-scores.git, junit:junit:4.12
https://github.com/ovelius/SlRealtidwidget-ng.git, junit:junit:4.12
https://github.com/project-travel-mate/Travel-Mate.git, NOT FOUND
https://github.com/Alpkant/SpeedoMeter.git, junit:junit:4.12
https://github.com/ryan-mcgoff/assignment4.git, junit:junit:4.12
https://github.com/ranmocy/MonkeyTree.git, junit:junit:4.12
https://github.com/willbrom/BakingApp.git, junit:junit:4.12
https://github.com/Andrei94/CryptoWatcher.git, NOT FOUND
https://github.com/sasagajic/picasso.git, NOT FOUND
https://github.com/commanderpepper/GetPizza.git, junit:junit:4.12
https://github.com/stv2pointo/SmartMeds.git, junit:junit:4.12
https://github.com/StefanPahlplatz/proximity-map.git, NOT FOUND
https://github.com/arcbit/arcbit-android.git, junit:junit:4.12
https://github.com/juanmadelboca/spitball-android.git, junit:junit:4.12
https://github.com/elafargue/opencamera-ble.git, junit:junit:4.12
https://github.com/Rlshep/BJCPBeerStyles_Android.git, NOT FOUND
https://github.com/ibaton/3House.git, NOT FOUND
https://github.com/mtolrom/Capstone.git, junit:junit:4.12
junit:junit:4.12
https://github.com/daaron4/HeartsAndroid.git, junit:junit:4.12
https://github.com/stephenwashington/sunrisealarm.git, junit:junit:4.12
https://github.com/davidfitz314/OWLFlashCardsencnlevel1.git, junit:junit:4.12
https://github.com/lucaslprimo/BakingTime.git, junit:junit:4.12
https://github.com/yasmindunsky/FrizzleApp.git, junit:junit:4.12
https://github.com/JPMoresmau/JPWorkoutLog.git, NOT FOUND
https://github.com/mfrancetic/astro-app.git, NOT FOUND
https://github.com/maxfie1d/SpinnerMeijin.git, NOT FOUND
https://github.com/caliber11/App-to-maintain-a-passenger-manifest.git, NOT FOUND
https://github.com/reasn/auraandroid.git, NOT FOUND
https://github.com/guardianproject/haven.git, NOT FOUND
https://github.com/DeMars-DMC/DMC-Stellar-Android-Wallet.git, NOT FOUND
https://github.com/TheMacWeekly/Android.git, NOT FOUND
https://github.com/eduVPN/android.git, NOT FOUND
https://github.com/RedCiudadana/monitorLegislativoAndroid.git, NOT FOUND
https://github.com/svenmeier/coxswain.git, NOT FOUND
https://github.com/gonzalo-m/ohms-law.git, NOT FOUND
https://github.com/AndyRadionov/15Puzzle.git, NOT FOUND
https://github.com/breadwallet/breadwallet-android.git, NOT FOUND
https://github.com/WilkerOliveira/expiration-control.git, NOT FOUND
https://github.com/KhalilIYoussef/TarGmlY.git, NOT FOUND
https://github.com/tobyli/Sugilite_development.git, NOT FOUND
https://github.com/luke-c/Ikue.git, NOT FOUND
https://github.com/slt-programmers/macrologAndroid.git, NOT FOUND
https://github.com/BriungRi/HackCWRU.git, NOT FOUND
https://github.com/blabbertabber/blabbertabber.git, NOT FOUND
https://github.com/AndyCooler/github-time15.git, NOT FOUND
https://github.com/akgoal/YourTurnTimer.git, NOT FOUND
https://github.com/kenkawakenkenke/MorseNotification.git, NOT FOUND
https://github.com/jooejooe/tigase-mobilemessenger.git, NOT FOUND
https://github.com/PigDogBay/CodewordSolver.git, NOT FOUND
https://github.com/citahub/cyton-android.git, NOT FOUND
https://github.com/AndreiD/xzil-wallet.git, NOT FOUND
https://github.com/theblackwidower/KanaQuiz.git, NOT FOUND
https://github.com/jkrajniak/android-card-tracker.git, NOT FOUND
https://github.com/aimanuslim/Habit-Tracker.git, NOT FOUND
https://github.com/artemkv/notedok-android-app.git, NOT FOUND
https://github.com/0xbad1d3a5/Kaku.git, NOT FOUND
https://github.com/michal-chojnacki/MagazynCzesci.git, NOT FOUND
https://github.com/doofmars/GHB-Traffic.git, NOT FOUND
https://github.com/sebastianhaeni/edgewars.git, NOT FOUND
https://github.com/smirnov-i-SPbAU/BrainRing.git, NOT FOUND
https://github.com/grishmashrestha/ekaai.git, NOT FOUND
https://github.com/AJWurts/AndroidSolitaire.git, NOT FOUND
https://github.com/medhelp-app/android.git, NOT FOUND
https://github.com/pinpinbox/app.git, NOT FOUND
https://github.com/tkrajina/10000sentences.git, NOT FOUND
https://github.com/the-gig-is-up/android.git, NOT FOUND
https://github.com/mneidhardt/MinAppNr1.git, NOT FOUND
https://github.com/fdoclaves/BGGQuery.git, NOT FOUND
https://github.com/tuhub/TUHub-Android.git, NOT FOUND
https://github.com/edavies933/MensaPluse1.git, NOT FOUND
https://github.com/Myced/pcc.git, NOT FOUND
https://github.com/mdilaveroglu/Quoter-Android.git, NOT FOUND
https://github.com/ahn94/DrywallTally.git, NOT FOUND
https://github.com/har5hit/Notely.git, NOT FOUND
https://github.com/prodaea/DiasporaClusterGen.git, NOT FOUND
https://github.com/wilmol/Sleep-Easy.git, NOT FOUND
https://github.com/EightBitBoy/hijacr.git, NOT FOUND
https://github.com/doums/toDo2.git, NOT FOUND
https://github.com/Ifsttar/NoiseCapture.git, NOT FOUND
https://github.com/Dmitry-Borodin/CheckReaction.git, NOT FOUND
https://github.com/biodunduke/BookMeUp-Backend.git, NOT FOUND
https://github.com/alihasan95/my-tasks-app.git, NOT FOUND
https://github.com/sachindayl/OutclassDL.git, NOT FOUND
https://github.com/mrvivacious/PorNo_Android.git, NOT FOUND
https://github.com/adriandleon/bolivar-soberano.git, NOT FOUND
https://github.com/iqbalpakeh/kido-app.git, NOT FOUND
https://github.com/ilario-pierbattista/wescape-android.git, NOT FOUND
https://github.com/NickitaX/deactivator.git, NOT FOUND
https://github.com/w32blaster/helsinki-timetables.git, NOT FOUND
https://github.com/infostretch-cd/expense-tracker.git, NOT FOUND
https://github.com/ChernyshovYuriy/OpenRadio.git, NOT FOUND
https://github.com/awasisto/opensiak.git, NOT FOUND
https://github.com/izacus/Parkomat.git, NOT FOUND
https://github.com/emitchel/uDraw.git, NOT FOUND
https://github.com/sameer-belsare/RetailStore.git, NOT FOUND
https://github.com/GlobalTechnology/android-ekko.git, NOT FOUND
https://github.com/arvipDev/EnergyConversionLabDemo.git, NOT FOUND
https://github.com/opendatakit/survey.git, NOT FOUND
https://github.com/wildmountainfarms/solarthing-android.git, NOT FOUND
https://github.com/AlShevelev/MyFootprints.git, NOT FOUND
https://github.com/commanderpepper/HelpMeChoose.git, NOT FOUND
https://github.com/jivimberg/PracticePronunciation.git, NOT FOUND
https://github.com/amarradi/bloginfo.git, NOT FOUND
https://github.com/altamish1994/frisbee-se2.git, NOT FOUND
https://github.com/playerone-id/EosCommander.git, NOT FOUND
https://github.com/Technion236503/2019a-TakeCare.git, NOT FOUND
https://github.com/cyblack/HelpMom.git, NOT FOUND
https://github.com/sayard/Student-UEK.git, NOT FOUND
https://github.com/andynaguyen/Kisetsu.git, NOT FOUND
https://github.com/smutkiewicz/Blink-Break.git, NOT FOUND
https://github.com/frodegill/GridWalking.git, NOT FOUND
https://github.com/sickmartian/QuickReminderWidget.git, NOT FOUND
https://github.com/sachinjha-softuvo/mobile-facny-new.git, NOT FOUND
https://github.com/kuwako/TodoKuwako.git, NOT FOUND
https://github.com/n8yn8/ABMA-Android.git, NOT FOUND
https://github.com/stemko/ImmediaTestApp.git, NOT FOUND
https://github.com/mrzzy/Skeem.git, NOT FOUND
https://github.com/dparker1005/app_JustChess.git, NOT FOUND
https://github.com/kookyinfomedia/GeologicalTrumpCardGame.git, NOT FOUND
https://github.com/LazzyBee/LazyBee-Android.git, NOT FOUND
https://github.com/darekbx/sugar.git, NOT FOUND
https://github.com/gpadmaku1/card-reader.git, NOT FOUND
https://github.com/donglua/GithubContributionsWidget.git, NOT FOUND
https://github.com/fantazac/TP3Mobile2.git, NOT FOUND
https://github.com/Waboodoo/HTTP-Shortcuts.git, NOT FOUND
https://github.com/lineargs/WatchNextApp.git, NOT FOUND
https://github.com/incwo/erp-android.git, NOT FOUND
https://github.com/MariusVolkhart/lyrics.git, NOT FOUND
https://github.com/TheBigL/StormyWeatherApp.git, NOT FOUND
https://github.com/Krock21rus/MafiaGame.git, NOT FOUND
https://github.com/josdem/jugoterapia-mobile.git, NOT FOUND
https://github.com/Primo17/EliteanimesApp.git, NOT FOUND
https://github.com/KAPLANDROID/Game-Of-Life.git, NOT FOUND
https://github.com/OakOnEll/DnDCharacter.git, NOT FOUND
https://github.com/christopherkade/Task-Forge.git, NOT FOUND
https://github.com/uozuAho/YakBox.git, NOT FOUND
https://github.com/Oslanka/firebase.git, NOT FOUND
https://github.com/EthamQ/CustomNewsAndroid_2019.git, NOT FOUND
https://github.com/Nikoloutsos/myHomework.git, NOT FOUND
https://github.com/JacquesSmuts/RxStarter.git, NOT FOUND
https://github.com/MuGhz/MyUI.git, NOT FOUND
https://github.com/ashwinpilgaonkar/PopularMovies.git, NOT FOUND
https://github.com/jasensanders/SuperiorConnect.git, NOT FOUND
https://github.com/tuxmobil/CampFahrplan.git, NOT FOUND
https://github.com/netmackan/ATimeTracker.git, NOT FOUND
https://github.com/AChep/AcDisplay.git, NOT FOUND
https://github.com/beemdevelopment/Aegis.git, NOT FOUND
https://github.com/andOTP/andOTP.git, NOT FOUND
https://github.com/HugoGresse/Anecdote.git, NOT FOUND
https://github.com/kevinhinterlong/archwiki-viewer.git, NOT FOUND
https://github.com/markusfisch/BinaryEye.git, NOT FOUND
https://github.com/TheCacophonyProject/bird-monitor.git, NOT FOUND
https://github.com/carlphilipp/chicago-commutes.git, NOT FOUND
https://github.com/mschlauch/comfortreader.git, NOT FOUND
https://github.com/buggins/coolreader.git, NOT FOUND
https://github.com/cyclestreets/android.git, NOT FOUND
https://github.com/PrivacyApps/document-viewer.git, NOT FOUND
https://github.com/domogik/domodroid.git, NOT FOUND
https://github.com/peterosterlund2/droidfish.git, NOT FOUND
https://github.com/phrogg/DSAAssistant.git, NOT FOUND
https://github.com/hanjoongcho/aaf-easydiary.git, NOT FOUND
https://github.com/mannd/epmobile.git, NOT FOUND
https://github.com/clemensbartz/essential-launcher.git, NOT FOUND
https://github.com/danvratil/FBEventSync.git, NOT FOUND
https://github.com/ligi/FAST.git, NOT FOUND
https://github.com/caarmen/FRCAndroidWidget.git, NOT FOUND
https://github.com/R4md4c/GameDealz.git, NOT FOUND
https://github.com/ligi/gobandroid.git, NOT FOUND
https://github.com/barbeau/gpstest.git, NOT FOUND
https://github.com/ktt-ol/hacs.git, NOT FOUND
https://github.com/bilde2910/Hauk.git, NOT FOUND
https://github.com/btimofeev/instead-launcher-android.git, NOT FOUND
https://github.com/nikita36078/J2ME-Loader.git, NOT FOUND
https://github.com/bpellin/keepassdroid.git, NOT FOUND
https://github.com/sds100/KeyMapper.git, NOT FOUND
https://github.com/Neamar/KISS.git, NOT FOUND
https://github.com/konradrenner/kolabnotes-android.git, NOT FOUND
https://github.com/kontalk/androidclient.git, NOT FOUND
https://github.com/xbmc/Kore.git, NOT FOUND
https://github.com/SyncedSynapse/Kore.git, NOT FOUND
https://github.com/TheRedSpy15/LTECleanerFOSS.git, NOT FOUND
https://github.com/Adonai/Man-Man.git, NOT FOUND
https://github.com/YasuakiHonda/Maxima-on-Android-AS.git, NOT FOUND
https://github.com/metrodroid/metrodroid.git, NOT FOUND
https://github.com/httpdispatch/MissedNotificationsReminder.git, NOT FOUND
https://github.com/AndreAle94/moneywallet.git, NOT FOUND
https://github.com/AEFeinstein/mtg-familiar.git, NOT FOUND
https://github.com/WangDaYeeeeee/Mysplash.git, NOT FOUND
https://github.com/stefan-niedermann/nextcloud-notes.git, NOT FOUND
https://github.com/AnaelMobilia/NextINpact-Unofficial.git, NOT FOUND
https://github.com/slapperwan/gh4a.git, NOT FOUND
https://github.com/openintents/filemanager.git, NOT FOUND
https://github.com/ooni/probe-android.git, NOT FOUND
https://github.com/TomTasche/OpenDocument.droid.git, NOT FOUND
https://github.com/dmfs/opentasks.git, NOT FOUND
https://github.com/schwabe/ics-openvpn.git, NOT FOUND
https://github.com/orgzly/orgzly-android.git, NOT FOUND
https://github.com/nbossard/packlist.git, NOT FOUND
https://github.com/ValleZ/Paper-Wallet.git, NOT FOUND
https://github.com/corenting/ParisTransportTraffic.git, NOT FOUND
https://github.com/phw/Android-PwdHash.git, NOT FOUND
https://github.com/android-password-store/Android-Password-Store.git, NOT FOUND
https://github.com/persian-calendar/DroidPersianCalendar.git, NOT FOUND
https://github.com/Staacks/phyphox-android.git, NOT FOUND
https://github.com/tengel/AndroidPlanisphere.git, NOT FOUND
https://github.com/oe1rfc/CampFahrplan.git, NOT FOUND
https://github.com/moezbhatti/qksms.git, NOT FOUND
https://github.com/QuickLyric/QuickLyric.git, NOT FOUND
https://github.com/geecko86/QuickLyric.git, NOT FOUND
https://github.com/eidottermihi/rpicheck.git, NOT FOUND
https://github.com/readrops/Readrops.git, NOT FOUND
https://github.com/QuantumBadger/RedReader.git, NOT FOUND
https://github.com/vector-im/riotx-android.git, NOT FOUND
https://github.com/RocketChat/Rocket.Chat.Android.git, NOT FOUND
https://github.com/standardnotes/mobile.git, NOT FOUND
https://github.com/haiwen/seadroid.git, NOT FOUND
https://github.com/kebernet/shortyz.git, NOT FOUND
https://github.com/tranquvis/SimpleSmsRemote.git, NOT FOUND
https://github.com/sduduzog/slim-launcher.git, NOT FOUND
https://github.com/HappyPeng2x/SumatoraDictionary.git, NOT FOUND
https://github.com/xxv/SuperGenPass.git, NOT FOUND
https://github.com/ligi/SurvivalManual.git, NOT FOUND
https://github.com/termux/termux-app.git, NOT FOUND
https://github.com/lordi/tickmate.git, NOT FOUND
https://github.com/marc136/tonuino-nfc-tools.git, NOT FOUND
https://github.com/hgdev-ch/toposuite-android.git, NOT FOUND
https://github.com/traccar/traccar-client-android.git, NOT FOUND
https://github.com/mathisdt/trackworktime.git, NOT FOUND
https://github.com/kylecorry31/Trail-Sense.git, NOT FOUND
https://github.com/andybotting/tramhunter.git, NOT FOUND
https://github.com/andreynovikov/trekarta.git, NOT FOUND
https://github.com/TwidereProject/Twidere-Android.git, NOT FOUND
https://github.com/ultrasonic/ultrasonic.git, NOT FOUND
https://github.com/gelin/weather-notification.git, NOT FOUND
https://github.com/wiglenet/wigle-wifi-wardriving.git, NOT FOUND
https://github.com/wikimedia/apps-android-commons.git, NOT FOUND
